controller	setup_name	objective	objective_original_weights	state_error_cost	control_increment_cost	control_setpoint_cost	wall_s	mpc_wall_mean_s	mpc_wall_max_s	mpc_solver_mean_s	error
N4SID	original	190.41787654567227	190.41787654567227	140.7766877114902	19.59971158629684	30.041477247885247	81.58034258394036	0.04994989802509857	0.19318858301267028	0.02326949659983317	
CT	original	174.81444812281072	174.81444812281072	149.47967007234638	13.311731584687033	12.023046465777698	86.44573808298446	0.053179855324405556	0.19538187503349036	0.025977645874023438	
T2D2	original	162.3311958812133	162.3311958812133	134.55548790668996	14.982982518465718	12.792725456057603	411.64141137502156	0.26693056516566627	0.4821937499800697	0.040455741405487064	
T3D3	original	160.93501053959037	160.93501053959037	134.93882450745053	12.976026130888213	13.020159901251477	407.52747645799536	0.26627030569679727	0.5248144579818472	0.0403061515490214	
NMPC	original	145.62960989639097	145.62960989639097	123.82581296416016	11.304942456685502	10.498854475545482	442.4071424170397	0.2804202964203432	0.6431575419846922		
N4SID	qy_x10	1412.7289764896207	283.026556328905	1255.2249112896889	51.929831061588175	105.57423413834799	77.0633450410096	0.048917889037402344	0.19422554201446474	0.02290414015452067	
CT	qy_x10	1425.4089603630323	218.3697650482711	1341.1546614608415	42.43451598469691	41.81978291748976	84.45069050008897	0.0538701911449898	0.21784483396913856	0.026427799542744955	
T2D2	qy_x10	1435.3810173423785	271.6915861224481	1292.9882569110314	71.49906737146529	70.89369305987961	399.68619395792484	0.26117279668843063	0.5566244159126654	0.04030357599258423	
T3D3	qy_x10	1531.0586374145141	293.5709097689512	1374.9863640506221	60.44080031611894	95.63147304777	388.7714874170488	0.2540808707102357	0.5345931670162827	0.03964862330754598	
NMPC	qy_x10	1153.738317016334	176.24536502786506	1086.1032799871703	32.877300459227754	34.757736569920404	478.12654216599185	0.30422711331684454	0.6929086250020191		
N4SID	qy_x5	739.115726668055	237.58451710375581	626.9140119553721	38.414977762901444	73.78673694977994	78.18855366692878	0.047315112237508096	0.16657191701233387	0.023038792292277017	
CT	qy_x5	761.4717667623682	198.41241594108757	703.824188526601	29.573248670302274	28.074329565465433	86.27234341704752	0.05266570477971497	0.1830266659380868	0.026419872760772706	
T2D2	qy_x5	745.5439087142144	229.31587063344637	645.2850476009576	48.22760834014983	52.03125277310496	390.8095287079923	0.25287215124427653	0.36602750001475215	0.03983054828643799	
T3D3	qy_x5	784.1271908233819	241.72192958646536	678.0065765461482	39.248157987710776	66.87245628952518	391.4672038339777	0.2558012695791355	0.3840095839696005	0.039964101950327555	
NMPC	qy_x5	606.1906902585904	162.29446120036	554.8702863227876	25.237505316456836	26.08289861934592	465.07006141601596	0.29545300965670807	0.7332830420928076		
N4SID	qy_x2	331.55592069856215	202.6466003898497	257.81864061742635	28.436158049676635	45.30112203145967	81.97698770905845	0.04982096716520997	0.1798810000764206	0.02356305249532064	
CT	qy_x2	315.83759691080104	175.12212025540111	281.43095331079957	18.279140757890552	16.127502842111113	85.7653173749568	0.052355572511442	0.1663006249582395	0.02568669064839681	
T2D2	qy_x2	305.7563536091296	177.33970813445723	256.8332909493422	25.16446219178954	23.758600467996384	409.6337880840292	0.26527099838798557	0.6639259159564972	0.04127749125162761	
T3D3	qy_x2	304.38274353394746	175.47428599745822	257.81691507297717	20.86137203312975	25.704456427839823	403.6434042910114	0.26371295130058814	0.6861243749735877	0.04114666573206584	
NMPC	qy_x2	265.5330466926796	148.2606968986077	234.54469958814235	16.04384906983584	14.944498034701368	457.6559464999009	0.29069103121159906	0.5958203749032691	nan	
N4SID	qy_x0.5	114.22042525283311	194.37134934545784	80.15092409262509	14.232850220630697	19.836650939577368	75.36562562501058	0.04786146326448458	0.18972945807036012	0.02257910776138306	
CT	qy_x0.5	98.27081895257437	179.720787300839	81.44996834826453	8.735584557459662	8.085266046849986	83.8364342909772	0.05349738305256081	0.19497429090552032	0.02634604247411092	
T2D2	qy_x0.5	88.35344452366424	160.31272767769266	71.95928315402871	9.160584059376195	7.23357731025946	392.39856629201677	0.25638872222447145	0.5681841670302674	0.038727548440297445	
T3D3	qy_x0.5	89.39058642960447	162.34500178870775	72.95441535910341	8.775321678996843	7.660849391504326	382.29175570898224	0.24979951602461126	0.5824255830375478	0.03785554313659668	
NMPC	qy_x0.5	81.63032592841765	149.16411175151896	67.53378582310158	7.210339561957723	6.88620054335657	440.1618515830487	0.27899762547706874	0.4671875420026481	nan	
N4SID	qu_x10	276.4904470838404	224.82753908337307	196.47697582990875	22.610240142301784	57.40323111163023	74.61814508296084	0.04748532046408703	0.1633070840034634	0.022134442170461018	
CT	qu_x10	225.74240861953223	200.05343330629128	182.68007932051697	14.519023395414107	28.543305903600928	80.77360570803285	0.05157590975868516	0.20038375002332032	0.024725776831309002	
T2D2	qu_x10	189.34594150279568	170.00910869588827	160.009624262386	7.850947454957147	21.48536978545266	380.77368429198395	0.24884424030594526	0.4307240000925958	0.037201017538706464	
T3D3	qu_x10	195.46527835994792	178.78501207782392	168.57264510518607	8.359004052401898	18.533629202359965	380.7632464580238	0.2487318706996739	0.42502333398442715	0.037226825555165606	
NMPC	qu_x10	185.90174191039728	167.24840511105958	159.25460993639666	5.921202196961693	20.72592977703798	441.2008720410522	0.27947329816711136	0.5017889169976115		
N4SID	qu_x5	253.28156089722765	212.19034611981476	175.91508563238088	26.002456793080363	51.36401847176652	74.20960216596723	0.04713842958367119	0.17557233292609453	0.022290796279907227	
CT	qu_x5	205.4194014704289	185.51324630765893	167.82244617627245	12.714261340693469	24.88269395346268	79.7000499580754	0.050831189012077324	0.18399041704833508	0.02436551268895467	
T2D2	qu_x5	179.42087712340017	163.3166126628772	149.45151639742556	9.839030150321499	20.130330575653264	382.3266581670614	0.24980348274934416	0.373801541980356	0.03655672168731689	
T3D3	qu_x5	182.0701395146391	167.56422645671952	153.98132889149	9.956419300750243	18.132391322398437	368.93653004209045	0.24098008866235615	0.46773133298847824	0.035530833721160886	
NMPC	qu_x5	171.5160717858749	155.34164049607782	143.68722880240924	7.610803871222517	20.218039112245975	435.10491729096975	0.27559508139756506	0.4117584170307964		
