trial	nz	encoder_depth	width_mult	nonlin	nsteps	bs	lr	y_loss_w	x_loss_w	recon_loss_w	seed	epochs	dev_mae	test_mae
3	5	2	0.5	elu	80	8	0.00137	4.27	5.6	11.1	3339	578	11.51	9.145
2	8	2	2.0	relu	20	8	0.0007479	2.82	1.08	3	5567	735	6.477	6.493
4	12	1	0.5	relu	40	8	0.002438	4.44	9.41	0.716	1842	841	5.312	5.333
5	8	1	0.5	gelu	20	8	0.001718	12.8	1.16	13.9	9352	424	5.156	6.373
7	11	2	0.5	elu	20	16	0.001489	12.7	4.64	0.517	7457	846	23.98	26.46
6	7	3	1.0	gelu	40	16	0.0005274	1.41	2.72	10.3	5477	1509	4.366	5.946
9	3	1	1.0	relu	20	16	0.0003632	3.58	1.13	9.39	6759	685	42.47	31.98
8	5	3	2.0	gelu	40	16	0.002283	7.04	7.1	17.1	4726	1432	4.924	5.364
10	2	3	2.0	relu	80	32	0.0004371	6.05	2.43	9.12	6087	2000	4.742	5.954
11	10	3	1.0	relu	80	32	0.002045	10.7	8.02	14.6	8841	2000	4.66	5.52
13	7	1	1.0	relu	40	16	0.0007948	1.23	1.43	1.45	4548	855	51.96	50.62
12	10	1	1.0	elu	80	8	0.001252	2.29	5.78	1.4	6897	2000	4.623	5.549
14	10	3	1.0	relu	80	32	0.0004024	7.63	1.44	7.62	8190	2000	5.157	5.047
15	12	2	1.0	gelu	40	16	0.0005101	2.17	3.13	5.93	3581	1066	5.681	6.418
16	3	2	1.0	gelu	40	16	0.0004015	1.06	3.06	8.54	5306	1627	42.87	68.65
17	6	1	1.0	elu	80	8	0.002736	3.75	3.17	4.09	7453	1216	4.788	6.63
18	10	3	1.0	gelu	40	16	0.0006752	1.24	3.14	1.64	5529	1066	16.48	10.78
19	12	1	1.0	elu	80	8	0.001039	2.24	3.34	0.912	7783	2000	4.58	5.682
20	9	1	1.0	elu	80	8	0.0009341	2.03	7.35	14.3	6782	2000	8.876	6.572
22	2	1	1.0	gelu	40	16	0.0007563	1.1	2.58	8.92	6312	1331	30.05	18.01
21	9	1	1.0	elu	80	8	0.001706	5.07	2.78	9.7	8979	1753	4.623	5.163
24	8	3	1.0	gelu	40	16	0.0006743	1.33	3.46	8.83	7852	601	42.36	40.47
25	11	2	1.0	elu	80	8	0.002214	5.75	3.04	1.4	9307	886	4.516	5.184
23	11	2	1.0	elu	80	8	0.0009669	3.94	3.63	11.7	6788	2000	4.771	5.494
26	8	2	1.0	elu	80	8	0.001993	8.41	3.5	0.637	6941	886	4.613	6.526
28	4	3	1.0	gelu	40	16	0.000644	2.92	2.56	16.6	7473	401	10.99	8.511
27	11	1	1.0	elu	80	8	0.002568	1.13	2.28	1.21	7649	1123	7.995	5.14
29	12	1	1.0	elu	80	8	0.001977	1.09	4.32	1.61	9877	1522	4.814	5.677
30	12	1	1.0	elu	80	8	0.0005471	2.1	2.42	0.626	8263	2000	6.749	23.16
32	8	3	1.0	gelu	40	16	0.001117	1.11	1.95	5.67	6460	496	5.388	6.164
31	11	1	1.0	elu	80	8	0.000892	2.43	4.52	1.23	9486	1952	5.421	6.549
33	10	2	1.0	elu	80	8	0.00147	1.85	4.98	1.27	8243	1363	4.613	5.6
34	9	1	1.0	elu	80	8	0.002524	8.01	2.52	0.589	6691	2000	4.616	5.31
35	11	2	1.0	elu	80	8	0.001156	2.2	4.1	1.13	6617	1408	4.592	5.52
37	11	1	1.0	elu	20	8	0.001335	1.45	2.58	1.09	7071	1175	11.42	6.748
36	11	1	1.0	elu	80	8	0.0004463	5	3.63	1.08	7261	2000	4.512	6.065
38	12	1	1.0	elu	80	8	0.00159	1.33	6.24	0.574	6880	1709	4.584	6.204
39	12	1	1.0	elu	80	8	0.0005355	3.36	3.38	1.59	7238	2000	6.833	28.52
40	11	1	1.0	elu	80	8	0.00187	4.49	2.9	1.04	6024	2000	4.622	5.429
41	12	2	1.0	elu	80	8	0.002485	5.69	2.21	0.653	9112	1914	4.621	5.201
42	11	1	1.0	elu	80	8	0.0003738	5.84	4.19	1.46	8167	784	19.04	10.08
44	12	2	1.0	elu	80	8	0.001867	1.38	6.25	0.712	5889	685	4.593	5.673
43	11	1	1.0	elu	80	8	0.001339	3.48	4.44	0.836	7814	2000	4.633	5.355
46	11	1	1.0	elu	80	8	0.001839	1.62	5.13	1.53	5898	401	10.21	10.12
45	12	1	1.0	elu	80	8	0.0005993	5.36	3.39	1.04	6458	2000	4.555	5.927
47	12	1	1.0	elu	80	8	0.001838	2.97	2.94	0.781	7819	1833	4.609	5.114
48	11	1	1.0	elu	80	8	0.0006187	6.53	5.48	1.42	6383	2000	4.573	5.445
49	12	1	1.0	elu	80	8	0.0008592	3.64	2.42	0.8	8680	1749	4.515	5.642
50	12	1	1.0	elu	80	8	0.0006642	3.52	2.2	0.737	5274	2000	4.555	5.417
51	11	1	1.0	elu	80	8	0.0005747	4.68	5.4	1.32	5076	2000	4.565	5.453
52	12	1	1.0	elu	80	8	0.0004408	7.29	2.83	1.4	5513	2000	6.609	8.546
53	11	1	1.0	elu	80	8	0.0004889	5.48	2.04	0.804	9618	2000	4.546	5.561
54	12	1	1.0	elu	80	8	0.0007453	4.04	2.44	0.636	4809	2000	4.563	5.405
55	11	1	1.0	elu	80	8	0.00055	6.23	3.09	0.726	8231	2000	5.826	5.574
57	12	1	1.0	elu	80	8	0.0003313	5.23	3.65	0.711	6248	538	6.062	7.017
56	12	1	1.0	elu	80	8	0.0006326	7.4	4.68	2.86	6950	2000	4.633	5.783
58	12	1	1.0	elu	80	8	0.0008434	5.27	2.38	0.909	8004	618	60.48	75.1
60	11	1	1.0	elu	80	8	0.000397	8.28	2.22	1.02	6716	678	23.21	16.01
59	11	1	1.0	elu	80	8	0.0005774	5.07	3.66	1.04	9799	2000	4.528	6.473
61	10	1	1.0	elu	80	8	0.0004929	4.54	2.15	0.991	6253	2000	5.839	6.392
63	10	1	1.0	elu	80	8	0.0004299	5.81	3.35	0.617	9707	615	6.771	7.447
62	12	1	1.0	elu	80	8	0.0004873	6.58	2.91	0.655	9408	2000	6.069	6.664
65	12	1	1.0	elu	80	8	0.0005	3.44	2.13	0.591	9572	1152	11.02	12.47
64	10	1	1.0	elu	80	8	0.000519	5.8	2.02	1.26	9757	2000	4.542	5.511
66	11	1	1.0	elu	80	8	0.0006767	5.35	2.07	0.696	9706	715	57.11	66.27
67	12	1	1.0	elu	80	8	0.0007203	4.58	4.57	0.945	9908	2000	4.576	5.409
69	10	1	1.0	elu	80	8	0.0005842	4.31	1.95	1.05	8371	460	11.1	7.652
68	11	1	1.0	elu	80	8	0.0005821	5.54	1.98	1.07	9830	2000	6.11	7.137
71	11	1	1.0	elu	80	8	0.0003986	4.54	4.26	0.952	8569	634	64.17	62.24
70	11	1	1.0	elu	80	8	0.0003861	4.73	1.52	0.754	9647	2000	8.095	13.62
72	10	1	1.0	elu	80	8	0.0005125	4.55	3.73	0.899	7178	2000	4.78	6.309
73	11	1	1.0	elu	80	8	0.0007152	2.98	3.95	1.21	8449	2000	6.065	6.973
74	11	1	1.0	elu	80	8	0.0005276	5.15	4.83	0.793	9341	2000	4.505	5.956
76	11	1	1.0	elu	80	8	0.0005307	8.2	1.92	1.37	9027	811	64.86	70.49
75	11	1	1.0	elu	80	8	0.0007383	5.71	3.44	1.09	9291	2000	4.57	5.729
77	12	1	1.0	elu	80	8	0.0005291	6.48	2.04	0.599	8403	2000	4.726	6.459
78	10	1	1.0	elu	80	8	0.0004943	3.78	4.24	1.02	9072	2000	6.422	84.81
79	11	1	1.0	elu	80	8	0.000675	4.7	4.11	0.697	8542	2000	4.608	5.773
80	10	1	1.0	elu	80	8	0.0007386	6.41	3.23	0.675	9130	1865	4.407	6.047
82	12	1	1.0	elu	80	8	0.0006526	5.46	1.87	0.897	8948	1591	6.319	6.011
81	11	1	1.0	elu	80	8	0.0004026	4.59	2.28	1.36	8990	2000	6.864	31.36
83	11	1	1.0	elu	80	8	0.0007395	7.22	3.63	1.45	9618	2000	4.574	5.291
84	11	1	1.0	elu	80	8	0.0004741	3.99	4.2	1.37	9683	2000	4.542	5.759
85	12	1	1.0	elu	80	8	0.000555	3.95	2.36	0.672	8794	1456	6.868	7.185
86	10	1	1.0	elu	80	8	0.000508	4	4.73	1.33	9514	2000	8.566	19.72
87	10	1	1.0	elu	80	8	0.0008042	7.05	2.91	0.534	9112	2000	4.641	6.389
88	10	1	1.0	elu	80	8	0.0004541	5.51	3.9	0.928	9873	2000	4.495	7.049
90	10	1	1.0	elu	80	8	0.0005673	5.47	3.84	0.785	9664	1272	47.95	57.24
89	11	1	1.0	elu	80	8	0.0004211	6.45	3.37	1.63	8504	2000	6.213	15.72
91	11	1	1.0	elu	80	8	0.0006635	4.42	3.99	0.773	9769	2000	4.533	6.003
92	10	1	1.0	elu	80	8	0.0004021	5.38	2.99	1.12	9234	2000	4.477	5.581
93	11	1	1.0	elu	80	8	0.0004384	7.09	4.32	0.614	9052	2000	4.462	6.361
94	11	1	1.0	elu	80	8	0.000801	4.1	4.09	0.785	9557	2000	4.605	5.665
96	11	1	1.0	elu	80	8	0.0005554	5.1	5.27	0.646	9314	408	7.695	7.527
95	12	1	1.0	elu	80	8	0.0005821	4.35	3.53	1.14	9878	2000	6.094	5.758
97	10	1	1.0	elu	80	8	0.0005265	6.82	3.63	0.75	9905	2000	6.923	6.395
98	12	1	1.0	elu	80	8	0.0004747	8.6	4.27	0.98	8076	2000	6.405	6.409
99	11	1	1.0	elu	80	8	0.0006365	5.44	5.89	1	9408	2000	4.556	5.952
100	11	1	1.0	elu	80	8	0.0004707	6.21	3.33	0.892	9911	2000	4.973	7.211
101	9	1	1.0	elu	80	8	0.0003518	6.78	3.86	0.964	9663	2000	4.916	6.784
102	11	1	1.0	elu	80	8	0.0006006	5.19	3.61	1.48	9937	2000	5.864	15.86
103	11	1	1.0	elu	80	8	0.0004045	5.78	3.74	0.765	9160	2000	4.608	6.907
105	10	1	1.0	elu	80	8	0.0003327	5.46	3.55	0.942	8966	401	5.565	5.613
106	11	1	1.0	elu	80	8	0.0004295	5.7	5.62	0.748	9839	423	8.573	8.014
104	11	1	1.0	elu	80	8	0.0005401	5.13	2.74	1.2	9885	2000	6.417	6.816
107	11	1	1.0	elu	80	8	0.0005406	5.53	3.25	0.805	9089	2000	5.097	6.049
109	10	1	1.0	elu	80	8	0.0006913	3.59	3.55	0.779	9746	457	7.389	7.756
108	11	1	1.0	elu	80	8	0.0005009	6.95	4.07	0.598	8976	2000	4.538	5.692
110	10	1	1.0	elu	80	8	0.00049	4.19	4.96	1.03	9932	2000	5.356	5.827
111	11	1	1.0	elu	80	8	0.0004283	4.15	3.36	1.27	9375	2000	6.566	6.023
112	11	1	1.0	elu	80	8	0.0005384	4.96	4.92	1.05	9759	754	43.77	42.9
113	11	1	1.0	elu	80	8	0.0006264	5.71	3.92	0.645	9182	2000	4.613	5.666
114	11	1	1.0	elu	80	8	0.0005831	5.63	3.94	1.03	9331	2000	4.573	5.932
115	10	1	1.0	elu	80	8	0.0004757	4.51	3.31	1.06	9840	2000	4.538	6.111
116	11	1	1.0	elu	80	8	0.0006642	6.29	4.25	0.732	9993	2000	6.7	5.742
117	11	1	1.0	elu	80	8	0.0004645	4.49	4.76	0.895	9266	2000	4.502	6.677
119	11	1	1.0	elu	80	8	0.0004352	4.59	4.07	0.765	9205	569	8.364	6.862
118	11	1	1.0	elu	80	8	0.0004243	7.88	3.85	0.535	8525	2000	7.476	7.095
120	11	1	1.0	elu	80	8	0.0005286	5.87	4.82	0.825	9170	442	8.182	8.296
121	12	1	1.0	elu	80	8	0.0004573	6.68	4.06	0.795	8740	2000	5.709	6.665
122	11	1	1.0	elu	80	8	0.0005806	5.36	5	1.28	9233	2000	4.553	6.006
123	11	1	1.0	elu	80	8	0.000476	4.94	4.01	1.06	9460	2000	7.379	6.559
124	11	1	1.0	elu	80	8	0.0007165	3.47	2.9	0.677	9695	1652	9.481	7.143
126	11	1	1.0	elu	80	8	0.0004527	4.06	4.49	0.946	9495	1849	8.446	5.986
125	11	1	1.0	elu	80	8	0.0006041	4.76	3.66	0.813	9269	2000	9.153	11.61
127	11	1	1.0	elu	80	8	0.0004629	7.77	3.85	0.781	9613	532	6.958	7.683
129	10	1	1.0	elu	80	8	0.000435	5.68	4.21	1.02	9978	401	5.291	5.214
128	11	1	1.0	elu	80	8	0.000579	5.64	4.08	0.791	8547	2000	4.592	5.463
