trial	method	n	SS_f	SS_p	f_extra	p_over_f	centering	SS_A_stability	SS_PK_B_reval	rho	n_ident	test_mae	cl_of	cl_tracking	cl_du	error
0	PARSIM-K	13	40	40	27	1	None		False	0.993812	13	10.625	478.863	286.059	11.4139	
1	N4SID	13	40	40	27		None	True		0.99212	13	10.5693	263.526	175.513	13.2678	
2	N4SID	7	34	34	27		None	True		0.991812	7	10.5812	289.352	198.165	16.1105	
3	PARSIM-K	7	34	34	27	1	None		False	0.999081	7	78.5742	2454.55	923.085	11.3881	
4	N4SID	9	36	36	27		None	True		0.991813	9	10.6296	308.321	209.084	12.8057	
5	PARSIM-K	9	36	36	27	1	None		False	0.991815	9	10.6422	1e+06			Solver did not return an optimal solution
6	N4SID	11	38	38	27		None	True		0.99194	11	10.6671	292.641	186.883	29.8841	
7	PARSIM-K	11	38	38	27	1	None		False	0.993688	11	11.3098	480.292	249.446	11.7216	
8	N4SID	16	43	43	27		None	True		0.991905	16	10.5018	293.75	189.53	11.2392	
9	PARSIM-K	16	43	43	27	1	None		False	0.993811	16	10.9703	476.611	259.929	11.2667	
10	N4SID	20	47	47	27		None	True		0.991503	20	10.6493	280.694	184.474	11.2164	
11	PARSIM-K	20	47	47	27	1	None		False	0.993164	20	10.6198	1e+06			Solver did not return an optimal solution
12	N4SID	20	25	25	5		None	False		0.99205	20	10.5169	326.73	216.154	11.4798	
13	N4SID	17	37	37	20		MeanVal	True		0.991954	17	10.6227	288.505	191.857	11.1394	
14	N4SID	15	55	55	40		InitVal	False		0.998624	15	11.7575	294.333	191.22	12.2844	
15	N4SID	11	16	16	5		MeanVal	True		0.989494	11	10.728	270.874	182.978	11.2175	
16	N4SID	8	13	13	5		MeanVal	True		0.988068	8	10.6749	364.318	223.514	16.223	
17	N4SID	14	19	19	5		MeanVal	False		0.991077	14	10.6498	298.782	196.705	11.2728	
18	N4SID	10	50	50	40		MeanVal	True		0.991572	10	10.6023	252.623	172.021	13.962	
19	N4SID	6	46	46	40		MeanVal	True		0.991468	6	10.7566	324.179	209.212	29.8731	
20	N4SID	10	50	50	40		MeanVal	False		0.991572	10	10.6023	252.623	172.021	13.962	
21	N4SID	11	51	51	40		MeanVal	False		0.991349	11	10.657	265.236	178.838	13.2736	
22	PARSIM-K	12	52	78	40	1.5	MeanVal		True	0.999935	12	34.6551	1e+06			Solver did not return an optimal solution
23	PARSIM-K	9	29	58	20	2	MeanVal		True	0.99879	9	46.4424	1e+06			Solver did not return an optimal solution
24	N4SID	4	14	14	10		InitVal	False		0.996509	4	13.8843	1928.98	857.278	209.265	
25	N4SID	8	48	48	40		InitVal	False		0.998567	8	11.696	315.24	202.295	12.5803	
26	N4SID	13	40	40	27		MeanVal	False		0.99212	13	10.5693	263.781	175.537	13.4253	
27	N4SID	14	54	54	40		MeanVal	True		0.990294	14	10.6042	276.981	184.198	11.4189	
28	N4SID	11	26	26	15		InitVal	True		0.997984	11	11.9809	369.506	226.635	11.4968	
29	PARSIM-K	9	49	98	40	2	MeanVal		True	1.00065	9	61.549	1e+06			Solver did not return an optimal solution
30	PARSIM-K	13	33	50	20	1.5	InitVal		True	0.997002	13	19.1272	1e+06			Solver did not return an optimal solution
31	N4SID	13	28	28	15		None	False		0.992182	13	10.5057	310.12	205.323	18.7084	
32	N4SID	13	40	40	27		MeanVal	False		0.99212	13	10.5693	263.781	175.537	13.4253	
33	N4SID	12	52	52	40		None	False		0.991042	12	10.6317	249.484	171.894	11.4325	
34	N4SID	9	24	24	15		None	False		0.991791	9	10.541	314.074	207.134	12.1687	
35	N4SID	13	53	53	40		None	False		0.991622	13	10.5296	256.79	175.904	12.6885	
36	N4SID	12	52	52	40		None	False		0.991042	12	10.6317	249.484	171.894	11.4325	
37	N4SID	10	50	50	40		None	False		0.991572	10	10.6023	252.623	172.021	13.962	
38	N4SID	15	55	55	40		None	False		0.989258	15	10.6892	240.104	169.364	11.7919	
39	PARSIM-K	14	54	108	40	2	None		True	0.998934	14	11.501	427.914	201.691	19.2598	
40	N4SID	16	56	56	40		None	False		0.989437	16	10.6912	237.838	167.672	11.3437	
41	N4SID	18	58	58	40		None	False		0.989364	18	10.6324	230.887	167.006	11.2714	
42	N4SID	18	58	58	40		None	False		0.989364	18	10.6324	230.887	167.006	11.2714	
43	N4SID	18	58	58	40		None	False		0.989364	18	10.6324	230.887	167.006	11.2714	
44	N4SID	18	58	58	40		None	False		0.989364	18	10.6324	230.887	167.006	11.2714	
45	N4SID	18	58	58	40		None	False		0.989364	18	10.6324	230.887	167.006	11.2714	
46	N4SID	19	59	59	40		None	False		0.989023	19	10.5164	232.28	161.327	14.0259	
47	N4SID	20	60	60	40		None	False		0.989118	20	10.4431	243.659	162.543	22.4092	
48	PARSIM-K	18	58	87	40	1.5	None		True	0.999417	18	12.2644	364.924	184.839	24.1783	
49	N4SID	18	58	58	40		InitVal	False		0.998747	18	11.5946	238.54	169.177	11.1281	
50	N4SID	19	29	29	10		None	False		0.992077	19	10.5191	305.022	203.893	11.6892	
51	N4SID	18	33	33	15		None	False		0.992007	18	10.6149	287.831	195.295	11.3119	
53	N4SID	18	23	23	5		None	False		0.991903	18	10.641	311.195	207.268	11.142	
54	N4SID	19	59	59	40		MeanVal	False		0.989023	19	10.5164	232.385	161.303	14.1591	
55	N4SID	18	45	45	27		None	False		0.991739	18	10.5127	273.073	180.387	12.7436	
57	PARSIM-K	16	56	112	40	2	None		False	1.00038	16	17.9927	1860.42	389.119	20.2483	
58	N4SID	16	36	36	20		None	False		0.991892	16	10.6979	235.613	169.482	12.311	
59	N4SID	15	20	20	5		None	False		0.991353	15	10.698	270.234	184.945	11.7093	
60	N4SID	19	39	39	20		InitVal	False		0.998612	19	11.6985	613.95	321.884	11.2894	
61	N4SID	17	57	57	40		MeanVal	False		0.98968	17	10.6414	222.786	158.386	17.9784	
62	N4SID	17	57	57	40		None	False		0.98968	17	10.6414	222.782	158.384	17.9782	
63	N4SID	17	44	44	27		MeanVal	False		0.991836	17	10.5182	290.435	186.795	11.5023	
65	N4SID	16	56	56	40		MeanVal	False		0.989437	16	10.6912	237.844	167.674	11.343	
66	N4SID	15	30	30	15		MeanVal	False		0.992015	15	10.5651	307.053	204.293	12.164	
67	N4SID	20	35	35	15		MeanVal	False		0.991931	20	10.6434	1e+06			Solver did not return an optimal solution
68	N4SID	17	27	27	10		MeanVal	False		0.992203	17	10.5338	335.456	219.484	11.4389	
69	PARSIM-K	19	39	58	20	1.5	None		True	1.00074	19	12.3554	1e+06			Solver did not return an optimal solution
70	PARSIM-K	17	57	114	40	2	MeanVal		False	1.00338	17	217.026	1e+06			Solver did not return an optimal solution
72	N4SID	17	37	37	20		None	False		0.991954	17	10.6227	288.505	191.857	11.1395	
74	N4SID	16	31	31	15		None	False		0.99203	16	10.5473	297.104	199.189	12.2915	
75	N4SID	17	22	22	5		None	True		0.991749	17	10.5879	319.929	211.942	12.0831	
76	N4SID	17	57	57	40		InitVal	False		0.998708	17	11.6023	366.037	217.739	17.239	
77	N4SID	18	38	38	20		MeanVal	False		0.991975	18	10.6469	289.48	190.948	12.1686	
78	PARSIM-K	17	57	86	40	1.5	None		True	1.00008	17	14.485	1e+06			Solver did not return an optimal solution
82	N4SID	18	58	58	40		MeanVal	False		0.989364	18	10.6324	230.887	167.006	11.2714	
84	N4SID	17	57	57	40		MeanVal	True		0.98968	17	10.6414	222.786	158.386	17.9784	
85	N4SID	17	27	27	10		None	False		0.992203	17	10.5338	335.456	219.484	11.4388	
86	N4SID	15	55	55	40		MeanVal	False		0.989258	15	10.6892	240.104	169.364	11.7919	
87	PARSIM-K	19	59	118	40	2	InitVal		True				1e+06			ident: SVD did not converge
93	N4SID	16	26	26	10		None	False		0.992165	16	10.5163	345.362	229.275	11.2671	
96	N4SID	16	21	21	5		InitVal	False		0.997846	16	12.0473	250.671	176.85	12.9421	
97	N4SID	17	32	32	15		None	True		0.992046	17	10.5736	321.865	215.398	11.1865	
99	N4SID	14	54	54	40		None	False		0.990294	14	10.6042	276.981	184.198	11.4189	
100	N4SID	19	59	59	40		InitVal	False		0.998786	19	11.5758	291.757	189.325	12.2625	
102	N4SID	19	46	46	27		None	False		0.991631	19	10.5644	281.447	184.006	12.7269	
103	PARSIM-K	15	30	45	15	1.5	None		False	0.991133	15	12.2365	1e+06			Solver did not return an optimal solution
105	N4SID	15	25	25	10		None	False		0.992009	15	10.5138	292.994	197.337	11.2596	
107	PARSIM-K	19	59	118	40	2	None		True				1e+06			ident: SVD did not converge
108	N4SID	19	24	24	5		None	False		0.99179	19	10.6004	301.079	199.904	11.2785	
109	N4SID	17	44	44	27		None	False		0.991836	17	10.5182	290.436	186.796	11.5024	
112	PARSIM-K	16	56	56	40	1	InitVal		False	0.999595	16	14.9339	1e+06			Solver did not return an optimal solution
113	N4SID	19	34	34	15		None	False		0.991981	19	10.6077	297.421	200.149	11.1621	
114	N4SID	16	56	56	40		InitVal	False		0.998714	16	11.6691	410.286	240.908	12.0515	
116	PARSIM-K	18	28	42	10	1.5	MeanVal		True	0.998621	18	11.8299	1e+06			Solver did not return an optimal solution
117	N4SID	18	28	28	10		InitVal	False		0.998108	18	11.878	270.073	178.854	12.5203	
118	PARSIM-K	6	21	32	15	1.5	MeanVal		False	0.997097	6	61.1425	1058.66	380.576	17.3965	
119	N4SID	16	21	21	5		None	False		0.991604	16	10.6344	323.005	213.36	11.6106	
122	PARSIM-K	18	58	116	40	2	InitVal		False				1e+06			ident: SVD did not converge
124	N4SID	18	38	38	20		None	False		0.991975	18	10.6469	289.252	190.915	12.0738	
125	N4SID	16	43	43	27		None	False		0.991905	16	10.5018	293.75	189.53	11.2392	
126	PARSIM-K	8	18	18	10	1	None		True	0.995218	8	15.166	421.603	225.179	22.7003	
127	N4SID	18	28	28	10		None	False		0.992167	18	10.5009	296.319	201.165	11.2856	
128	PARSIM-K	15	55	110	40	2	None		False	1.00056	15	15.1743	492.463	215.594	18.1564	
129	N4SID	15	30	30	15		None	False		0.992015	15	10.5651	307.033	204.285	12.1561	
130	PARSIM-K	19	34	51	15	1.5	MeanVal		True	0.999444	19	12.1213	1e+06			Solver did not return an optimal solution
131	PARSIM-K	17	22	22	5	1	None		False	0.992821	17	10.636	1e+06			Solver did not return an optimal solution
133	PARSIM-K	17	37	37	20	1	None		True	0.993596	17	10.5549	489.36	279.077	10.7371	
136	PARSIM-K	4	24	24	20	1	InitVal		False	0.999372	4	21.8229	2817.89	1953.7	30.213	
137	N4SID	15	35	35	20		None	False		0.991889	15	10.6238	242.402	174.849	10.933	
138	PARSIM-K	14	19	38	5	2	InitVal		False	0.996625	14	16.7238	1e+06			Solver did not return an optimal solution
139	PARSIM-K	10	15	15	5	1	None		False	0.992417	10	12.6059	1e+06			Solver did not return an optimal solution
140	N4SID	17	57	57	40		None	True		0.98968	17	10.6414	222.782	158.384	17.9782	
143	N4SID	17	37	37	20		InitVal	False		0.99859	17	11.7633	247.643	172.201	12.4208	
144	N4SID	4	31	31	27		None	False		0.989475	4	12.8886	393.59	234.749	86.1735	
147	PARSIM-K	15	25	38	10	1.5	InitVal		True	0.998908	15	13.2115	1e+06			Solver did not return an optimal solution
152	PARSIM-K	11	38	38	27	1	InitVal		False	0.99918	11	13.2664	331.826	215.056	12.4699	
154	N4SID	17	22	22	5		None	False		0.991749	17	10.5879	319.929	211.942	12.0831	
155	N4SID	19	39	39	20		None	False		0.992111	19	10.5837	298.625	195.148	12.2291	
156	PARSIM-K	20	25	25	5	1	MeanVal		False	0.992333	20	10.5956	1e+06			Solver did not return an optimal solution
157	N4SID	16	31	31	15		MeanVal	False		0.99203	16	10.5473	297.104	199.189	12.2914	
158	N4SID	15	42	42	27		InitVal	False		0.998645	15	11.6702	503.103	276.699	11.0847	
159	N4SID	18	33	33	15		MeanVal	False		0.992007	18	10.6149	287.831	195.295	11.3119	
160	PARSIM-K	10	20	30	10	1.5	MeanVal		True	0.995354	10	15.0923	1e+06			Solver did not return an optimal solution
162	PARSIM-K	18	33	66	15	2	None		False	0.999208	18	11.5879	437.669	200.353	16.3404	
165	PARSIM-K	9	49	49	40	1	None		True	0.994927	9	12.647	1e+06			Solver did not return an optimal solution
166	N4SID	5	32	32	27		InitVal	False		0.9981	5	12.2758	328.721	216.197	13.643	
167	PARSIM-K	6	11	22	5	2	InitVal		False	0.997691	6	15.6982	582.846	253.584	12.9462	
172	PARSIM-K	17	27	40	10	1.5	None		True	0.989005	17	11.8355	1e+06			Solver did not return an optimal solution
173	PARSIM-K	16	26	26	10	1	None		True	0.992075	16	10.8635	409.525	248.729	11.2678	
176	N4SID	8	28	28	20		MeanVal	False		0.991943	8	10.5566	315.133	213.234	16.2402	
180	N4SID	12	32	32	20		MeanVal	False		0.992032	12	10.6132	297.162	200.973	15.2555	
185	PARSIM-K	16	31	62	15	2	None		False	0.997755	16	11.6103	1e+06			Solver did not return an optimal solution
187	PARSIM-K	4	44	66	40	1.5	None		True	1.00862	4	1.4632e+09	1013.91	364.464	13.7306	
190	PARSIM-K	17	57	57	40	1	InitVal		False	0.999656	17	15.5159	1e+06			Solver did not return an optimal solution
191	N4SID	17	37	37	20		None	True		0.991954	17	10.6227	288.505	191.857	11.1395	
193	N4SID	16	56	56	40		None	True		0.989437	16	10.6912	237.838	167.672	11.3437	
194	N4SID	9	19	19	10		InitVal	True		0.997813	9	12.0862	322.901	207.588	11.1873	
195	PARSIM-K	12	27	54	15	2	MeanVal		True	1.00072	12	51.575	1010.51	314.188	35.4758	
197	PARSIM-K	17	32	48	15	1.5	None		False	0.996886	17	11.6942	1e+06			Solver did not return an optimal solution
